<?xml version="1.0" encoding="utf-8"?>
<openerp>
	<data>
		<record model="ir.ui.view" id="rainsoft_partner_form_view">
			<field name="name">rainsoft_partner.rainsoft_partner</field>
			<field name="type">form</field>
			<field name="model">res.partner</field>
			<field name="inherit_id" ref="base.view_partner_form"/>
			<field name="arch" type="xml">
			    <field name="phone" position="after">
				  <field name="icontact" attrs="{'invisible': [('is_company','=', True)]}" />
			    </field>
			    <field name="title" position="after">
				  <field name="QQ" placeholder="input your QQ number here."/>
			    <field name="brand" />
			    </field>
			    <field name='mobile' position="attributes">
				  <attribute name='required'>True</attribute>
			    </field>
			    <field name='ref' position='attributes'>
				  <attribute name='required'>True</attribute>
			    </field>
			    <field name="date" position="replace">
				  <field name="date" string="合同开始日期" required='True' />
			    </field>
			    <field name="date" position="after">
				  <field name="contract_end_date" string="合同结束日期" required='True' />
			    </field>
			    <field name='city' position='attributes'>
				  <attribute name='domain'>[('state','=',state_id)]</attribute>
			    </field>
			    <xpath expr="//field[@name='use_parent_address']/.." position='replace'>
				 <div>
					<field name="use_parent_address" class="oe_edit_only oe_inline"
                                       on_change="onchange_address(use_parent_address, parent_id)"
                                       attrs="{'invisible': [('parent_id','=', False),('use_parent_address','=',False)]}"/>
					<label for="use_parent_address" class="oe_edit_only" attrs="{'invisible': [('parent_id','=', False),('use_parent_address','=',False)]}"/>
					<button name="open_parent" type="object" string="(edit company address)" class="oe_link oe_edit_only"
                                        attrs="{'invisible': ['|',('parent_id','=', False),('use_parent_address','=',False)]}"/>
                                
					<field name="country_id" placeholder="Country" class="oe_no_button" options='{"no_open": True}' attrs="{'readonly': [('use_parent_address','=',True)]}"/>
					<div class="address_format">
					      <field name="state_id" class="oe_no_button" placeholder="State" style="width: 25%%" options='{"no_open": True}' on_change="onchange_state(state_id)" attrs="{'readonly': [('use_parent_address','=',True)]}"/>
					      <field name="city" placeholder="City" style="width: 25%%" attrs="{'readonly': [('use_parent_address','=',True)]}" domain="[('state','=',state_id)]" on_change="onchange_city(city)"/>
					      <field name='district' domain="[('city','=',city)]" placeholder='district' style="width: 25%%" />
					      <field name="zip" placeholder="ZIP" style="width: 23%%" attrs="{'readonly': [('use_parent_address','=',True)]}"/>
					</div>
					<field name="street" placeholder="Street..."  attrs="{'readonly': [('use_parent_address','=',True)]}"/>
					<field name="street2"  attrs="{'readonly': [('use_parent_address','=',True)]}"/>
				</div>
			    </xpath>
			    <xpath expr="//page[@string='Contacts']" position="attributes">
				    <attribute name='invisible'>True</attribute>
			    </xpath>
			    <xpath expr="//label[@string='Is a Company?']" position="after">
				    <field name="is_internal"/>
				    <label for="is_internal" string="Is a internal department?" class="oe_inline"/>
			    </xpath>
			    <field name="comment" position="attributes">
			      <attribute name="required">True</attribute>
			    </field>
			</field>			
		</record>
		<record model="ir.ui.view" id="rainsoft_partner_tree_view">
			<field name="name">rainsoft_partner.rainsoft_partner</field>
			<field name="type">tree</field>
			<field name="model">res.partner</field>
			<field name="inherit_id" ref="base.view_partner_tree"/>
			<field name="arch" type="xml">
					<field name="name" position="before" >
						<field name="ref" string="No"/>
						<field name="city" string="city"/>
						<field name="brand" />
					</field>
					<field name="phone" position="replace">
						<field name="mobile"/>
					</field>
			</field>
		</record>
		<record model="ir.ui.view" id="rainsoft_partner_view_filter">
		  <field name="name">rainsoft_partner_view_filter</field>
		  <field name="model">res.partner</field>
		  <field name="inherit_id" ref="base.view_res_partner_filter"/>
		  <field name="arch" type="xml">
			<field name="name" position="after">
			  <field name="city" filter_domain="[('city','ilike',self)]"/>
			  <field name="brand" filter_domain="[('brand','ilike',self)]"/>
			</field>
			<xpath expr="//filter[@string='Companies']" position="after">
			  <filter string="not internal department" name="type_internal" domain="[('is_internal','=',0)]"/>
			</xpath>
			<xpath expr="//filter[@string='Country']" position="after">
			  <filter string="city" context="{'group_by':'city'}"/>
			  <filter string="create date" context="{'group_by':'create_date'}"/>
			  <filter string="brand" context="{'group_by':'brand'}"/>
			</xpath>
		  </field>
		</record>
	</data>
</openerp>
