<?xml version="1.0" encoding="utf-8"?>
<openerp>
    <data>
        <record id="rainsoft_crm_lead_form" model="ir.ui.view">
            <field name="name">rainsoft.crm.lead.form</field>
            <field name="type">form</field>
            <field name="model">crm.lead</field>
            <field name="inherit_id" ref="crm.crm_case_form_view_leads"/>
            <field name="arch" type="xml">
                <field name="city" position="attributes">
                    <attribute name="domain">[('state','=',state_id)]</attribute>
                </field>
            </field>
        </record>
    </data>
</openerp>
