<?xml version="1.0" encoding="utf-8"?>
<openerp>
    <data>
        <record id="rainsoft_sms_form_view" model="ir.ui.view" >
            <field name="name">rainsoft.sms.form</field>
            <field name="model">rainsoft.sms</field>
            <field name="arch" type="xml">
                <form string="Sms" version="7.0">
                    <sheet>
			  <group>
			    <label for="partner_id" string="Send To" />		  
			    <h1><field name="partner_id" readonly='1' string="Partner"/></h1>
			  </group>
			  <group>
                            <field name="mobile" string="mobile"  context="{'mobile':active_id}"/>			    
                            <field name="content" string="content"/>
			    <field name="template_id" string="template" on_change="on_change_template(template_id,context)" widget="selection" context="{'mobile':active_id}"/>
			  </group>
                        <!--<group>
			  <div>
			      <field name="status" string="Status" class="oe_view_only"/>
			      <field name="message" string="Message" class="oe_view_only"/>
			  </div>
			  </group>-->
                        <group>
                            <button string="Send" name="send_sms" type="object" class="oe_highlight"/>
                        </group>
                    </sheet>
                </form>
            </field>
        </record>
	
	<record id="rainsoft_sms_template_form_view" model="ir.ui.view" >
            <field name="name">rainsoft.sms.template.form</field>
            <field name="model">rainsoft.sms.template</field>
            <field name="arch" type="xml">
                <form string="Sms Template" version="7.0">
                    <sheet>
			  <group>
                            <field name="name" string="Name"/>			    
                            <field name="content" string="content"/>
			  </group>
                    </sheet>
                </form>
            </field>
        </record>

        <record id="rainsoft_sms_tree_view" model="ir.ui.view">
            <field name="name">rainsoft.sms.tree</field>
            <field name="model">rainsoft.sms</field>
            <field name="arch" type="xml">
                <tree string="Sms">
                    <field name="mobile"/>
                    <field name="content"/>
		    <field name="status"/>
		    <field name="message"/>
                </tree>
            </field>
        </record>
	
	<record id="rainsoft_sms_template_tree_view" model="ir.ui.view">
            <field name="name">rainsoft.sms.template.tree</field>
            <field name="model">rainsoft.sms.template</field>
            <field name="arch" type="xml">
                <tree string="Sms">
                    <field name="name"/>
                    <field name="content"/>
                </tree>
            </field>
        </record>

        <record id="action_view_sms" model="ir.actions.act_window">
            <field name="name">Sms</field>
            <field name="res_model">rainsoft.sms</field>
            <field name="view_type">form</field>
            <field name="view_mode">tree,form</field>
        </record>
	
	<record id="action_view_sms_template" model="ir.actions.act_window">
            <field name="name">Sms Template</field>
            <field name="res_model">rainsoft.sms.template</field>
            <field name="view_type">form</field>
            <field name="view_mode">tree,form</field>
        </record>

        <menuitem name="Sms" id="rainsoft_sms" parent="base.menu_email" action="action_view_sms"/>
	 <menuitem name="Sms Template" id="rainsoft_sms_template" parent="base.menu_email" action="action_view_sms_template"/>
    </data>
</openerp>
