<?xml version="1.0" encoding="utf-8"?>
<openerp>
    <data>
        <record model="ir.ui.view" id="rainsoft_supplier_payment_form_view">
            <field name="name">rainsoft.supplier.payment.form</field>
            <field name="model">account.voucher</field>
            <field name="inherit_id" ref="account_voucher.view_vendor_payment_form"/>
            <field name="arch" type="xml">
                <field name="narration" position="after">
                    <field name="p_comment"/>
                </field>
            </field>
        </record>
    </data>
</openerp>
