<?xml version="1.0" encoding="utf-8"?>
<openerp>
    <data>
        <record model="ir.ui.view" id="rainsoft_stock_picking_in_form_view">
            <field name="name">rainsoft.stock.picking.in.view</field>
            <field name="model">stock.picking.in</field>
            <field name="type">form</field>
            <field name="inherit_id" ref="stock.view_picking_in_form"/>
            <field name="arch" type="xml">
                <field name="origin" position="after">
                    <field name="origin_partner" />
                </field>
		<field name="partner_id" position="attributes">
                    <attribute name="required">True</attribute>
                </field>
            </field>
        </record>
    </data>
</openerp>
