<?xml version="1.0" encoding="utf-8"?>
<openerp>
    <data>
        <record id="rainsoft_stock_invoice_onshipping" model="ir.ui.view">
            <field name="name">Rainsoft Invoice Onshipping</field>
            <field name="model">stock.invoice.onshipping</field>
            <field name="inherit_id" ref="stock.view_stock_invoice_onshipping"/>
            <field name="arch" type="xml">
                <field name="invoice_date" position="attributes">
                    <attribute name="required">True</attribute>
                </field>
            </field>
        </record>
    </data>
</openerp>
