<?xml version="1.0" encoding="utf-8"?>
<openerp>
    <data>
        <record model="ir.ui.view" id="rainsoft_account_invoice_form_view">
            <field name="name">rainsoft.account.invoice.form.view</field>
            <field name="model">account.invoice</field>
            <field name="inherit_id" ref="account.invoice_supplier_form"/>
            <field name="arch" type="xml">
                <field name="comment" position="after">
                    <label for="p_comment" string="Partner's Comment"/>
                    <field name="p_comment"/>
                </field>
            </field>
        </record>
	
	<record model="ir.ui.view" id="rainsoft_account_invoice_form_view2">
	    <field name="name">rainsoft.account.invoice.form.view2</field>
	    <field name="model">account.invoice</field>
	    <field name="inherit_id" ref="account.invoice_form"/>
	    <field name="arch" type="xml">
		<field name="date_invoice" position="attributes">
		    <attribute name="required">True</attribute>
		</field>
	    </field>
	</record>
    </data>
</openerp>
