<?xml version="1.0" encoding="utf-8"?>
<openerp>
	<data>
		<record model="ir.ui.view" id="rainsoft_product_normal_form_view">
			<field name="name">rainsofot.product</field>
			<field name="type">form</field>
			<field name="model">product.product</field>
			<field name="inherit_id" ref="product.product_normal_form_view"/>
			<field name="arch" type="xml">
				<field name="default_code" position="replace">
					<field name="default_code" required="True" placeholder="内部单号必填"/>
				</field>
				<field name="list_price" position="after">
				    <field name="total"/>
				</field>
				<field name="uom_id" position="attributes">
				    <attribute name="options">{'create':false,'create_edit':false}</attribute>
			</field>
			</field>
		</record>
		<record model="ir.ui.view" id="rainsoft_product_normal_tree_view">
		    <field name="name">rainsoft.product</field>
		    <field name="type">tree</field>
		    <field name="model">product.product</field>
		    <field name="inherit_id" ref="product.product_product_tree_view"/>
		    <field name="arch" type="xml">
			<field name="lst_price" position="after">
			    <field name="total" sum="Total"/>
			</field>			
		    </field>
		</record>
	</data>

</openerp>
