<?xml version="1.0" encoding="utf-8" ?>
<openerp>
    <data>

        <record id="rainsoft_account_stock_form_view" model="ir.ui.view">
            <field name="name">rainsoft.account.stock_form_view</field>
            <field name="model">rainsoft.account.stock</field>
            <field name="type">form</field>
            <field name="arch" type="xml">
                <form string='rainsoft account stock' version="7.0">
                    <group>
                        <field name="location" />
                        <field name="period_id" widget="selection" domain="[('state','=','draft')]"/>
			<field name="direct_origin"/>
			<field name="direct_dest"/>
			<field name="inventory"/>			
                    </group>
		    <group>
		      <p>库位是指您要统计的库位（包含子库位），会计期间请选您要统计的会计期间，供应商库位请指定您的供应商库位（通常为 合作伙伴库位/供应商库位），客户库位请指定您的客户库位（通常为 合作伙伴库位/客户库位），盘点库位请指定您的盘点库位（通常为 虚拟库位/盘点库位）。注意：请先关闭您的上个会计区间，否则您将看不到期初数据。</p>
		    </group>
                    <footer>
                        <button name="action_query" string="Query" type="object" class="oe_highlight"/>			
                        <button name="action_query_history" string="Query History" type="object" class="oe_highlight"/>
			or
                        <button string="Cancel" class="oe_link" special="cancel"/>
                    </footer>
                </form>
            </field>
        </record>

        <act_window name="rainsoft account stock" res_model="rainsoft.account.stock.line" src_model="rainsoft.account.stock"
            view_mode="form"
            target="new"
            key2="client_action_multi"
            id="action_view_account_stock_line"/>

        <record id="rainsoft_account_stock_line_form_view" model="ir.ui.view">
            <field name="name">rainsoft.account.stock.line.form.view</field>
            <field name="model">rainsoft.account.stock.line</field>
            <field name="type">form</field>
            <field name="arch" type="xml">
                <form string='rainsoft account stock line' version="7.0">
                    <field name="product_id"/>
                    <field name="init_remainder"/>
                    <field name="current_in_count" />
                    <field name="current_in_money" />
                    <field name="current_out_count"/>
                    <field name="current_out_money"/>
                    <field name="end_remainder" />
                    <field name="end_money" />
                </form>
            </field>
        </record>

        <record id="rainsoft_account_stock_line_tree_view" model="ir.ui.view">
            <field name="name">rainsoft.account.stock.line.tree.view</field>
            <field name="model">rainsoft.account.stock.line</field>
            <field name="type">tree</field>
            <field name="arch" type="xml">
                <tree string="rainsoft account stock line">
		    <!--<field name="period" />
		    <field name="location"/>-->
                    <field name="product_id"/>
		    <field name="category"/>
                    <field name="init_remainder" context="{'location':context.get('location')}"/>
		    <field name="init_money"/>
                    <field name="current_in_count" sum="Total Current In Amount"/>
                    <field name="current_in_money" sum="Total Current In Money"/>
                    <field name="current_out_count" sum="Total Current Out Amount"/>
                    <field name="current_out_money" sum="Total Current Out Money"/>
                    <field name="end_remainder" sum="Total Remainder"/>
                    <field name="end_money" sum="Total Money"/>
                </tree>
            </field>
        </record>
	
	<record id="rainsoft_account_stock_line_form_view" model="ir.ui.view">
	  <field name="name">rainsoft.account.stock.line.form.view</field>
	  <field name="model">rainsoft.account.stock.line</field>
	  <field name="type">form</field>
	  <field name="arch" type="xml">
	    <form string="rainsoft account stock line" version="7.0">	      
		<header>
<!-- 		  <button name="action_stock_detail" string="Stock detail" type="object" class="oe_highlight" /> -->
		</header>
	      <sheet>		
		<h1><field name="product_id"/></h1>
		<group>
		  <group>
		    <field name="init_remainder"/>
		    <field name="current_in_count"/>
		    <field name="current_out_count"/>
		  </group>
		  <group>
		    <field name="init_money"/>
		    <field name="current_in_money"/>
		    <field name="current_out_money"/>
		  </group>
		</group>
	      </sheet>
	    </form>
	  </field>
	</record>
	
	<record id="rainsoft_account_stock_search_view" model="ir.ui.view">
	  <field name="name">rainsoft.account.stock.line.search.view</field>
	  <field name="model">rainsoft.account.stock.line</field>
	  <field name="arch" type="xml">
	    <search string="Serach Account Stock">
	      <field name="product_id"/>
	      <group expand="0" string="Group By...">
		<filter string="category" context="{'group_by':'category'}"/>
	      </group>
	    </search>
	  </field>
	</record>
	
	<record id="action_rainsoft_account_carryover" model="ir.actions.server">
	      <field name="name">Carry Over</field>
	      <field name="type">ir.actions.server</field>
	      <field name="model_id" ref="model_rainsoft_account_stock_line" />
	      <field name="state">code</field>
	      <field name="code">self.action_carry_over(cr,uid,context.get('active_ids'),context)</field>
	</record>
	<record id ="action_rainsoft_account_carryover_value" model="ir.values">
		<field name="name">Carry Over</field>
		<field name="action_id" ref="action_rainsoft_account_carryover"/>
		<field name="value" eval="'ir.actions.server,'+str(ref('action_rainsoft_account_carryover'))" />
		<field name="key">action</field>
		<field name="model_id" ref="model_rainsoft_account_stock_line" />
		<field name="model">rainsoft.account.stock.line</field>
		<field name="key2">client_action_multi</field>
	</record>
		
	<!--<record id="action_rainsoft_account_carryover" model="ir.actions.act_window">
	    <field name="name">Carry Over</field>
	    <field name="type">ir.actions.act_window</field>
            <field name="res_model">rainsoft.account.stock.line</field>
            <field name="view_type">form</field>
            <field name="view_mode">form</field>
            <field name="view_id" ref="sale.view_sale_order_make_invoice"/>
            <field name="target">new</field>
            <field name="multi">True</field>
	  </record>
	
	<record model="ir.values" id="rainsoft_account_carryover">
            <field name="model_id" ref="Rainsoft_Xiangjie.model_rainsoft_account_stock_line" />
            <field name="name">Carry Over</field>
            <field name="key2">client_action_multi</field>
	    <field name="value" eval="'ir.actions.act_window,' + str(ref('action_rainsoft_account_carryover'))" />
            <field name="key">action</field>
            <field name="model">rainsoft.account.stock.line</field>
	    </record-->
	
	<record id="rainsoft_account_carry_over_form_view" model="ir.ui.view">
	  <field name="name">rainsoft.account.carryover.form.view</field>
	  <field name="model">rainsoft.account.carryover</field>
	  <field name="type">form</field>
	  <field name="arch" type="xml">
	    <form string="Accout Carry Over" version="7.0">
	      <sheet>
		<h1>
		  <field name="period"/>
		</h1>
		<group>
		  <group>
		    <field name="carry_date"/>
		  </group>
		  <group>
		    <field name="location"/>
		  </group>
		</group>
		<notebook>
		    <page string="Products">
		      <field name="carry_over_line"/>
		    </page>
		</notebook>
	      </sheet>
	    </form>
	  </field>
	</record>
	
	<record id="rainsoft_account_carry_over_tree_view" model="ir.ui.view">
	  <field name="name">rainsoft.account.carryover.tree.view</field>
	  <field name="model">rainsoft.account.carryover</field>
	  <field name="type">tree</field>
	  <field name="arch" type="xml">
	    <tree string="Account Carry Over">
	      <field name="period"/>
	      <field name="location"/>
	      <field name="carry_date"/>
	    </tree>
	  </field>
	</record>
	
	<record id="rainsoft_account_carry_over_line_form_view" model="ir.ui.view">
	  <field name="name">rainsoft.account.carryvoer.line.tree.view</field>
	  <field name="model">rainsoft.account.carryover.line</field>
	  <field name="type">form</field>
	  <field name="arch" type="xml">
	    <form string="Account Carry Out">
		    <field name="product_id"/>
                    <field name="init_remainder"/>
		    <field name="init_money"/>
                    <field name="current_in_count" sum="Total Current In Amount"/>
                    <field name="current_in_money" sum="Total Current In Money"/>
                    <field name="current_out_count" sum="Total Current Out Amount"/>
                    <field name="current_out_money" sum="Total Current Out Money"/>
                    <field name="end_remainder" sum="Total Remainder"/>
                    <field name="end_money" sum="Total Money"/>
	    </form>
	  </field>
	</record>
	
	<record id="rainsoft_account_carry_over_line_tree_view" model="ir.ui.view">
	  <field name="name">rainsoft.account.carryvoer.line.tree.view</field>
	  <field name="model">rainsoft.account.carryover.line</field>
	  <field name="type">tree</field>
	  <field name="arch" type="xml">
	    <tree string="Account Carry Out">		    
		    <field name="product_id"/>
                    <field name="init_remainder"/>
		    <field name="init_money"/>
                    <field name="current_in_count" sum="Total Current In Amount"/>
                    <field name="current_in_money" sum="Total Current In Money"/>
                    <field name="current_out_count" sum="Total Current Out Amount"/>
                    <field name="current_out_money" sum="Total Current Out Money"/>
                    <field name="end_remainder" sum="Total Remainder"/>
                    <field name="end_money" sum="Total Money"/>
	    </tree>
	  </field>
	</record>
	
        <record id="action_rainsoft_account_stock" model="ir.actions.act_window">
            <field name="name">Account Stock Query</field>
            <field name="res_model">rainsoft.account.stock</field>
            <field name="type">ir.actions.act_window</field>
            <field name="view_type">form</field>
            <field name="view_mode">tree,form</field>
            <field name="view_id" ref="rainsoft_account_stock_form_view"/>
            <field name="context">{}</field>
            <field name="target">new</field>
        </record>
	
	<record id="rainsoft_account_stock_detail_form_view" model="ir.ui.view">
	  <field name="name">Account Stock Detail</field>
	  <field name="model">rainsoft.account.stock.detail</field>
	  <field name="type">tree</field>
	  <field name="arch" type="xml">
	    <tree string="Account Detail">
	      <field name="date"/>
	      <field name="origin"/>
	      <field name="name"/>
	      <field name="unit"/>
	      <field name="in_price"/>
	      <field name="in_count"/>
	      <field name="in_money"/>
	      <field name="out_price"/>
	      <field name="out_count"/>
	      <field name="out_money"/>
	      <field name="sum_count"/>
	      <field name="sum_money"/>
	    </tree>
	  </field>
	</record>

        <menuitem name="Account Stock Query" action="action_rainsoft_account_stock" id="menu_rainsoft_account_stock" parent="account.menu_finance_generic_reporting"/>
<!-- 		  parent="account.next_id_22"/> -->


    </data>
</openerp>
