<?xml version='1.0' encoding='utf-8'?>
<openerp>
    <data>
        <record model='ir.ui.view' id='rainsoft_sale_excel_form'>
            <field name='name'>rainsoft.sale.excel.form</field>
            <field name='model'>sale.order</field>
            <field name='inheirt_id' ref='rainsoft_order_form'/>
            <field name='arch' type='xml'>
            <xpath expr="//field[@name='product_model']" position="before">
                    <field name='data'/>
                    <button name='import_file' string='Import' type='object' class='oe_highlight'/>
            </xpath>
            </field>
        </record>
    </data>
</openerp>
