<?xml version="1.0" encoding="utf-8"?>
<openerp>
	<data>
		<record model="ir.ui.view" id="rainsoft_product_model_form_view">
			<field name="name">rainsoft.product.model.form.view</field>
			<field name="model">rainsoft.product.model</field>
			<field name="arch" type="xml">
				<form string="Product Model" version="7.0">
					<sheet>
						<div class="oe_title">
							<div>
								<label for="name" string="Product Model Name" class="oe_editable_only"/>
							</div>
							<h1>
								<field name="name" requried='True'/>
							</h1>
						</div>
						<notebook>
							<page string="Products">
								<tree string="Products" editable="bottom">
									<field name="model_id" required='True'/>
								</tree>								
							</page>
						</notebook>
					</sheet>
				</form>
			</field>
		</record>

		<record model="ir.ui.view" id="rainsoft_product_model_tree_view">
			<field name="name">rainsoft.product.model.tree.view</field>
			<field name="model">rainsoft.product.model</field>
			<field name="arch" type="xml">
				<tree string="Product Model">
					<field name="name"/>
				</tree>
			</field>
		</record>

		<record id='action_product_model' model='ir.actions.act_window'>
			<field name="name">Product Model</field>
			<field name="type">ir.actions.act_window</field>
			<field name="res_model">rainsoft.product.model</field>
			<field name="view_type">form</field>
			<field name="view_mode">tree,form</field>
		</record>

		<menuitem id="rainsoft_product" name="Product Model" parent="base.menu_base_partner"/>
		<menuitem id="rainsoft_product_model" name="Product Model" parent="rainsoft_product" action="action_product_model"/>
	</data>
</openerp>
