<?xml version="1.0" encoding="utf-8"?>
<openerp>
    <data>
        <record id="rainsoft_forbbiden_account_form_view" model="ir.ui.view">
            <field name="name">Rainsoft.forbidden.account.form.view</field>
            <field name="model">account.invoice</field>
            <field name="inherit_id" ref="account.invoice_form"/>
            <field name="arch" type="xml">
                <field name="partner_id" position="attributes">
                    <attribute name="options">{"always_reload":True,"limit":10,"create":false,"create_edit":false}</attribute>
                </field>
            </field>
        </record>
        <record id="rainsoft_forbbiden_account_voucher_form_view" model="ir.ui.view">
            <field name="name">rainsoft.forbbiden.account.voucher.form.view</field>
            <field name="model">account.voucher</field>
            <field name="inherit_id" ref="account_voucher.view_sale_receipt_form"/>
            <field name="arch" type="xml">
                <field name="partner_id" position="attributes">
                    <attribute name="options">{"always_reload":True,"limit":10,"create":false,"create_edit":false}</attribute>
                </field>
            </field>
        </record>
        <record id="rainsoft_forbidden_account_voucher_vendor_receipt_form" model="ir.ui.view">
            <field name="name">rainsoft.forbidden.account.voucher.vendor.receipt.form</field>
            <field name="model">account.voucher</field>
            <field name="inherit_id" ref="account_voucher.view_vendor_receipt_form"/>
            <field name="arch" type="xml">
              <field name="partner_id" position="attributes">
              <attribute name="options">{"always_reload":True,"limit":10,"create":false,"create_edit":false}</attribute>
              </field>
            </field>
        </record>

        <record id="rainsoft_forbidden_account_invoice_supplier_form" model="ir.ui.view">
            <field name="name">rainsoft.forbidden.account.invoice.supplier.form</field>
            <field name="model">account.invoice</field>
            <field name="inherit_id" ref="account.invoice_supplier_form"/>
            <field name="arch" type="xml">
              <field name="partner_id" position="attributes">
              <attribute name="options">{"always_reload":True,"limit":10,"create":false,"create_edit":false}</attribute>
              </field>
            </field>
        </record>

        <record id="rainsoft_forbidden_account_voucher_purchase_form" model="ir.ui.view">
            <field name="name">rainsoft.forbidden.account.voucher.purchase.form</field>
            <field name="model">account.voucher</field>
            <field name="inherit_id" ref="account_voucher.view_purchase_receipt_form"/>
            <field name="arch" type="xml">
              <field name="partner_id" position="attributes">
              <attribute name="options">{"always_reload":True,"limit":10,"create":false,"create_edit":false}</attribute>
              </field>
            </field>
        </record>

        <record id="rainsoft_forbidden_account_voucher_payment_form" model="ir.ui.view">
            <field name="name">rainsoft.forbidden.account.voucher.payment.form</field>
            <field name="model">account.voucher</field>
            <field name="inherit_id" ref="account_voucher.view_vendor_payment_form"/>
            <field name="arch" type="xml">
              <field name="partner_id" position="attributes">
              <attribute name="options">{"always_reload":True,"limit":10,"create":false,"create_edit":false}</attribute>
              </field>
            </field>
        </record>

        <record id="rainsoft_forbidden_account_voucher_form" model="ir.ui.view">
            <field name="name">rainsoft.forbidden.account.vouchert.form</field>
            <field name="model">account.voucher</field>
            <field name="inherit_id" ref="account_voucher.view_voucher_form"/>
            <field name="arch" type="xml">
              <field name="partner_id" position="attributes">
              <attribute name="options">{"always_reload":True,"limit":10,"create":false,"create_edit":false}</attribute>
              </field>
            </field>
        </record>

        <record id="rainsoft_forbidden_purchase_order_form" model="ir.ui.view">
            <field name="name">rainsoft.forbidden.purchase.order.form</field>
            <field name="model">purchase.order</field>
            <field name="inherit_id" ref="purchase.purchase_order_form"/>
            <field name="arch" type="xml">
              <field name="partner_id" position="attributes">
              <attribute name="options">{"always_reload":True,"limit":10,"create":false,"create_edit":false}</attribute>
              </field>
            </field>
        </record>

        <record id="rainsoft_forbidden_stock_picking_in_form" model="ir.ui.view">
            <field name="name">rainsoft.forbidden.stock.picking.in.form</field>
            <field name="model">stock.picking.in</field>
            <field name="inherit_id" ref="stock.view_picking_in_form"/>
            <field name="arch" type="xml">
              <field name="partner_id" position="attributes">
              <attribute name="options">{"always_reload":True,"limit":10,"create":false,"create_edit":false}</attribute>
              </field>
            </field>
        </record>

        <record id="rainsoft_forbidden_stock_picking_form" model="ir.ui.view">
            <field name="name">rainsoft.forbidden.stock.picking.form</field>
            <field name="model">stock.picking</field>
            <field name="inherit_id" ref="stock.view_picking_form"/>
            <field name="arch" type="xml">
              <field name="partner_id" position="attributes">
              <attribute name="options">{"always_reload":True,"limit":10,"create":false,"create_edit":false}</attribute>
              </field>
            </field>
        </record>
        
        <record id="rainsoft_forbidden_stock_picking_out_form" model="ir.ui.view">
            <field name="name">rainsoft.forbidden.stock.picking.out.form</field>
            <field name="model">stock.picking.out</field>
            <field name="inherit_id" ref="stock.view_picking_out_form"/>
            <field name="arch" type="xml">
              <field name="partner_id" position="attributes">
              <attribute name="options">{"always_reload":True,"limit":10,"create":false,"create_edit":false}</attribute>
              </field>
            </field>
        </record>
    </data>
</openerp>
