<?xml version="1.0" encoding="utf-8"?>
<openerp>
    <data>
        <record model="ir.ui.view" id="rainsoft_brand_form_view">
            <field name="name">rainsoft.brand.form.view</field>
            <field name="model">rainsoft.brand</field>
            <field name="type">form</field>
            <field name="arch" type="xml">
                <form string="brand" version="7.0">
                    <sheet>
                        <div class="oe_title">
                            <label for="name" string="Customer Brand" class="oe_eidtable_only"/>
                            <h1>
                                 <field name="name" requried="True"/>
                            </h1>
                        </div>
                    </sheet>
                </form>
            </field>
        </record>
        <record model="ir.ui.view" id="rainsoft_brand_tree_view">
            <field name="name">rainsoft.brand.tree.view</field>
            <field name="model">rainsoft.brand</field>
            <field name="type">tree</field>
            <field name="arch" type="xml">
                <tree string="brand">
                    <field name="name"/>
                </tree>
            </field>
        </record>
        <record model="ir.actions.act_window" id="actions_rainsoft_brand">
            <field name="name">actions.rainsoft.brand</field>
            <field name="res_model">rainsoft.brand</field>
            <field name="view_mode">tree,form</field>
            <field name="view_type">tree</field>
        </record>
        <menuitem id="menu_rainsoft_brand" name="brand"  parent="base.menu_base_config" action="actions_rainsoft_brand"/>
    </data>
</openerp>

