<?xml version="1.0" encoding="utf-8"?>
<openerp>
    <data>
        <record model="ir.ui.view" id="rainsoft_stock_picking_out">
            <field name="name">rainsoft.stock.picking.out.form</field>
            <field name="model">stock.picking.out</field>
            <field name="inherit_id" ref="stock.view_picking_out_form"/>
            <field name="arch" type="xml">
                <button name="button_cancel" position="after">
                    <button name="send_sms" string="Send Text Message" type="object" states="done" groups="base.group_user"/>
                </button> 
            </field>
        </record>
	
    </data>
</openerp>
