<?xml version="1.0" encoding="utf-8"?>
<openerp>
    <data>
        <record id="rainsoft_stock_inventory_form_view" model="ir.ui.view">
            <field name="name">rainsoft.stock.inventory.form</field>
            <field name="model">stock.inventory</field>
            <field name="type">form</field>
            <field name="inherit_id" ref="stock.view_inventory_form"/>
            <field name="arch" type="xml">
                <button name="action_done" position="attributes">
                    <attribute name="groups">Rainsoft_Xiangjie.group_rainsoft_test_user</attribute>
                </button>
            </field>
        </record>
    </data>
</openerp>
