<?xml version="1.0" encoding='utf-8'?>
<openerp>
    <data>
        <record model="ir.ui.view" id="rainsoft_fill_inventory_form_view">
            <field name="name">rainsoft.fill.inventory.form</field>
            <field name="model">stock.fill.inventory</field>
            <field name="type">form</field>
            <field name="inherit_id" ref="stock.view_stock_fill_inventory"/>
            <field name="arch" type="xml">
                <field name="location_id" position="after">
                    <field name="loc_rack"/>
                </field>
            </field>
        </record>
    </data>
</openerp>
