<?xml version="1.0" encoding="utf-8"?>
<openerp>
    <data>
        <record model="ir.actions.act_window" id="actions_rainsoft_analyst">
            <field name="name">actions.rainsoft.anaylst</field>
            <field name="res_model">purchase.order.line</field>
            <field name="view_model">tree</field>
            <field name='view_mode'>tree</field>
        </record>

        <menuitem id="menut_rainsoft_purchase_analyst" string="Purchase Analyst" action="actions_rainsoft_analyst"/>
    </data>
</openerp>
