<?xml version="1.0" encoding="utf-8"?>
<openerp>
	<data>
		<record id="rainsoft_order_form" model="ir.ui.view">
			<field name="name">rainsoft.order.form</field>
			<field name="model">sale.order</field>
			<field name="inherit_id" ref="sale.view_order_form"/>
			<field name="arch" type="xml">
				<button name="action_cancel" position="after">
				  <button name="send_sms" states="manual,progress" string="Send Text Message" type="object" groups="base.group_user"/>
				</button>
				<!--<xpath expr="//button[@string='Create Invoice']" position="attributes">
				  <attribute name="states"></attribute>
				  <attribute name="attrs">{'invisible':True}</attribute>
				</xpath>-->
				<xpath expr="//field[@name='order_line']" position="before">
				  <group>
					<group>
					  <!--<field name="product_model" string="product model" on_change="onchange_product_model(order_line,product_model)" class="oe_edit_only"/>-->
						<field name='data'/>
					</group>					      
					<group>				  
						<button name='import_file' string='Import' type='object' class='oe_edit_only' />
					</group>
				  </group>
				</xpath>
				<field name="partner_id" position="attributes">
				  <attribute name="options">{"always_reload": True,"limit": 10,"create": False,"create_edit": false}</attribute>
				</field>
				<xpath expr="//field[@name='amount_untaxed']/.." position='before'>
				  <group>
				      <field name='item_count'/>
				  </group>
				</xpath>
				<field name='partner_shipping_id' position='after'>
				    <field name='credit_limit'/>
				    <field name='credit'/>
				</field>
			</field>
		</record>
		<record id="id_for_the_action" model="ir.actions.server">
			<field name="name">Send Text Message</field>
			<field name="type">ir.actions.server</field>
			<field name="model_id" ref="model_sale_order" />
			<field name="state">code</field>
			<field name="code">self.send_sms(cr,uid,context.get('active_id'),context=context)</field>
		</record>
		
		<record id="rainsoft_sale_order_line_form" model="ir.ui.view">
			<field name="name">rainsoft.sale.order.line.form</field>
			<field name="model">sale.order.line</field>
			<field name="inherit_id" ref="sale.view_order_line_form2" />
			<field name="arch" type="xml">
			    <field name="product_id" position="attributes">
				<attribute name="options">{'create':false,'create_edit':false}</attribute>
			    </field>
			</field>
		</record>
		
		<!--<record id="id_for_the_action" model="ir.actions.act_window">
			<field name="name">Send Text Message</field>
			<field name="view_id" ref="sale.view_order_form"/>
			<field name="res_model">sale.order</field>
			<field name="view_type">form</field>
			<field name="view_model">form,tree</field>
			<field name="target">new</field>
		</record>-->
		<record id ="id_for_the_action_value" model="ir.values">
			<field name="name">Send Text Message</field>
			<field name="action_id" ref="id_for_the_action"/>
			<field name="value" eval="'ir.actions.server,'+str(ref('id_for_the_action'))" />
			<field name="key">action</field>
			<field name="model_id" ref="model_sale_order" />
			<field name="model">sale.order</field>
			<field name="key2">client_action_multi</field>
		</record>
		
		<record id="rainsoft_view_order_line_tree" model="ir.ui.view">
		    <field name="name">rainsoft.sale.order.line.tree</field>
		    <field name="model">sale.order.line</field>
		    <field name="inherit_id" ref="sale.view_order_line_tree"/>
		    <field name="arch" type="xml">			    
			    <field name="order_id" position="before">
				<field name="date"/>
			    </field>
			    <field name="price_subtotal" position="attributes">
<!-- 			        <attribute name="store">True</attribute> -->
			    </field>
		    </field>
		</record>
		
		<record id="actions_rainsoft_sale_line" model="ir.actions.act_window">
			<field name="name">action.rainsoft.sale.line</field>
			<field name="res_model">sale.order.line</field>
			<field name="view_mode">tree</field>
			<field name="view_form">tree</field>		    
		</record>
		
		<menuitem id="rainsoft_sale_line" name="sale line report" action="actions_rainsoft_sale_line" parent="base.menu_sales" />
	</data>
</openerp>
