<?xml version="1.0" encoding="utf-8"?>
<openerp>
      <data noupdate="1">
		<!-- After installation of the module, open the related menu -->
		<record id="action_client_rainsoft_menu" model="ir.actions.client">
		    <field name="name">Open Rainsoft Menu</field>
		    <field name="tag">reload</field>
		    <!--<field name="params" eval="{'menu_id': ref('base.menu_purchase_root')}"/>-->
		</record>
		<record id="base.open_menu" model="ir.actions.todo">
		    <field name="action_id" ref="action_client_rainsoft_menu"/>
		    <field name="state">open</field>
		</record>
	    </data>
    <data>   
	
        <record id="view_rainsoft_config_settings" model="ir.ui.view">
            <field name="name">rainsoft settings</field>
            <field name="model">rainsoft.config.settings</field>
            <field name="arch" type="xml">
                <form string="Rainsoft Configure" version="7.0" class="oe_form_configuration">
                    <header>
                        <button string="Apply" type="object" name="execute" class="oe_highlight"/>
                        or
                        <button string="Cancel" type="object" name="cancel" class="oe_link" />
                    </header>
                    <separator string="Message Configure" />
                    <group>
                        <label for="id" string="Message Settings"/>
                        <div>
                            <div>
                                <label for="user_id" string="User ID"/>
                                <field name="user_id"/>
                            </div>
                            <div>
                                <label for="send_address" string="Interface Address"/>
                                <field name="send_address" />
                            </div>
                            <div>
                                <label for="user_name" string="Account"/>
                                <field name="user_name" />
                            </div>
                            <div>
                                <label for="pass_word" string="Password"/>
                                <field name="pass_word"/>
                            </div>
                            <div>
                                <label for="appendix" string="Appendix"/>
                                <field name="appendix" />
                            </div>
                        </div>
                    </group>
		    <separator string="Sale Settings" />
		    <group>
			  <label for="id" string="import orders settings"/>
			  <div>
			      <div>
				  <field name="model_price"/>
				  <label for="model_price" string="allow import price from excel file"/> 
			      </div>
			  </div>
		    </group>
                </form>
            </field>
        </record>
        <record id="action_rainsoft_config_settings" model="ir.actions.act_window">
            <field name="name">Rainsoft Configure</field>
            <field name="type">ir.actions.act_window</field>
            <field name="res_model">rainsoft.config.settings</field>
            <field name="view_mode">form</field>
            <field name="target">inline</field>
        </record>

        <menuitem id="rainsoft_config_settings" name="Rainsoft Settings" parent="base.menu_config" action="action_rainsoft_config_settings"/>
    </data>
</openerp>
