<?xml version="1.0" encoding="utf-8"?>
<openerp>
    <data noupdate="0">
        <record model="ir.module.category" id="module_category_rainsoft_test">
            <field name="name">Test</field>
            <field name="sequence">20</field>
        </record>

        <record id="group_rainsoft_test_user" model="res.groups">
            <field name="name">User</field>
            <field name="category_id" ref="module_category_rainsoft_test"/>
            <field name="implied_ids" eval="[(4,ref('base.group_user'))]"/>
        </record>

        <record id="group_rainsoft_test_manager" model="res.groups">
            <field name="name">Manager</field>
            <field name="category_id" ref="module_category_rainsoft_test"/>
            <field name="implied_ids" eval="[(4,ref('group_rainsoft_test_user'))]"/>
            <field name="users" eval="[(4,ref('base.user_root'))]"/>
        </record>
    </data>
</openerp>
